event_id,timestamp_start,timestamp_end,time_precision,location_raw,ura_planning_area,severity,cause,source_url,source_name,notes
2017-01-23-bukit-timah-dunearn,2017-01-23T16:30:00+08:00,2017-01-23T17:45:00+08:00,approx_hour,Dunearn Road near Jalan Jurong Kechil,BUKIT TIMAH,Moderate,rain,https://www.straitstimes.com/singapore/environment/flash-floods-reported-in-parts-of-singapore-after-heavy-rain,The Straits Times,Heavy rain causing localized ponding
2017-11-10-pasir-ris-tampines,2017-11-10T15:20:00+08:00,2017-11-10T16:30:00+08:00,approx_15min,Tampines Ave 12 / Pasir Ris Farmway,PASIR RIS,Minor,rain,https://www.todayonline.com/singapore/flash-floods-hit-eastern-singapore-following-heavy-rain,Today Online,Flash floods in eastern Singapore
2018-01-08-bedok-upper-changi,2018-01-08T09:15:00+08:00,2018-01-08T11:00:00+08:00,approx_15min,Bedok Road / Upper Changi Road East,BEDOK,Severe,rain,https://www.straitstimes.com/singapore/flash-floods-hit-eastern-singapore-culvert-work-to-blame,The Straits Times,Major flash flood; culvert works affected
2018-11-11-jurong-town-hall,2018-11-11T14:40:00+08:00,2018-11-11T16:00:00+08:00,approx_hour,Jurong Town Hall Road,JURONG EAST,Moderate,rain,https://www.straitstimes.com/singapore/flash-floods-in-jurong-and-bukit-batok-after-heavy-rain,The Straits Times,Afternoon monsoon downpour
2019-04-26-bukit-timah-road,2019-04-26T17:00:00+08:00,2019-04-26T18:15:00+08:00,approx_hour,Bukit Timah Road near Duchess Rd,BUKIT TIMAH,Minor,rain,https://www.straitstimes.com/singapore/heavy-rain-causes-flash-floods-in-several-parts-of-singapore,The Straits Times,Heavy rain across central Singapore
2019-12-02-queenstown-commonwealth,2019-12-02T16:10:00+08:00,2019-12-02T17:30:00+08:00,approx_15min,Commonwealth Ave / Queensway,QUEENSTOWN,Moderate,rain,https://mothership.sg/2019/12/flash-floods-singapore-heavy-rain-dec-2/,Mothership,Submerged lanes along Commonwealth
2020-05-08-bukit-timah-sime-darby,2020-05-08T15:45:00+08:00,2020-05-08T17:00:00+08:00,approx_hour,Dunearn Road / Sime Darby Centre,BUKIT TIMAH,Moderate,rain,https://mothership.sg/2020/05/dunearn-road-flash-flood/,Mothership,Afternoon thunderstorm flash flood
2020-11-02-jurong-west-ave-1,2020-11-02T16:30:00+08:00,2020-11-02T17:45:00+08:00,approx_15min,Jurong West Ave 1,JURONG WEST,Minor,rain,https://mothership.sg/2020/11/heavy-rain-flooding-singapore-nov-2/,Mothership,Localized pooling near Jurong West
2021-04-17-bukit-timah-dunearn,2021-04-17T14:15:00+08:00,2021-04-17T17:00:00+08:00,approx_hour,Dunearn Road / Bukit Timah Road / Ulu Pandan,BUKIT TIMAH,Severe,rain,https://mothership.sg/2021/04/singapore-floods-april-17/,Mothership,161.4mm rainfall recorded; major canal overflow
2021-04-17-jurong-east-town-hall,2021-04-17T14:30:00+08:00,2021-04-17T16:45:00+08:00,approx_hour,Jurong Town Hall Rd / AYE Exit,JURONG EAST,Severe,rain,https://www.channelnewsasia.com/singapore/flash-floods-bukit-timah-jurong-heavy-rain-pub-1358996,CNA,AYE exit submerged by intense cloudburst
2021-04-17-jurong-west-boon-lay,2021-04-17T15:00:00+08:00,2021-04-17T16:30:00+08:00,approx_hour,Boon Lay Way near Lakeside,JURONG WEST,Moderate,rain,https://mothership.sg/2021/04/singapore-floods-april-17/,Mothership,Western Singapore deluge
2021-08-20-pasir-ris-tampines,2021-08-20T07:10:00+08:00,2021-08-20T09:30:00+08:00,exact,Pasir Ris Drive 12 & Tampines Ave 10 junction,PASIR RIS,Severe,rain,https://www.channelnewsasia.com/singapore/flash-flood-tampines-pasir-ris-traffic-submerged-cars-2124081,CNA,Morning storm submerging 13 vehicles
2021-08-24-bukit-timah-dunearn,2021-08-24T09:40:00+08:00,2021-08-24T11:15:00+08:00,approx_15min,Dunearn Road between Yarwood Ave and Binjai Park,BUKIT TIMAH,Moderate,rain,https://www.channelnewsasia.com/singapore/flash-floods-dunearn-road-bukit-timah-heavy-rain-pub-2131626,CNA,Continuous morning downpour
2021-11-27-marine-parade-mountbatten,2021-11-27T16:00:00+08:00,2021-11-27T17:30:00+08:00,approx_hour,Mountbatten Road / Tanjong Katong,MARINE PARADE,Moderate,rain,https://mothership.sg/2021/11/heavy-rain-flash-flood-nov-27/,Mothership,Flash flood during monsoon surge
2022-02-27-jurong-west-enterprise,2022-02-27T15:20:00+08:00,2022-02-27T16:40:00+08:00,approx_hour,Enterprise Road / International Road,JURONG WEST,Minor,rain,https://mothership.sg/2022/02/heavy-rain-flash-floods-feb-27/,Mothership,Industrial area water accumulation
2022-10-13-bukit-timah-wilby,2022-10-13T16:15:00+08:00,2022-10-13T17:30:00+08:00,approx_15min,Dunearn Road / Wilby Road,BUKIT TIMAH,Moderate,rain,https://mothership.sg/2022/10/dunearn-road-flood-oct-13/,Mothership,Traffic impassable near King Albert Park
2023-02-28-hougang-upper-serangoon,2023-02-28T14:30:00+08:00,2023-02-28T16:00:00+08:00,approx_hour,Hougang Ave 8 / Upper Serangoon Rd,HOUGANG,Minor,rain,https://www.straitstimes.com/singapore/heavy-rain-causes-flash-floods-in-parts-of-spore-temperature-dips-to-211-deg-c,The Straits Times,Record monsoon surge low temperature
2023-07-20-kallang-bahru,2023-07-20T17:10:00+08:00,2023-07-20T18:20:00+08:00,approx_15min,Kallang Bahru / Geylang Bahru,KALLANG,Moderate,rain,https://mothership.sg/2023/07/flash-floods-geylang-kallang-july-20/,Mothership,Kallang River catchment runoff
2023-12-25-boon-lay-way,2023-12-25T15:00:00+08:00,2023-12-25T16:30:00+08:00,approx_hour,Jalan Boon Lay,BOON LAY,Minor,rain,https://www.straitstimes.com/singapore/flash-floods-reported-across-singapore-on-christmas-day,The Straits Times,Christmas afternoon downpour
2024-05-04-bukit-timah-eng-neo,2024-05-04T15:15:00+08:00,2024-05-04T16:45:00+08:00,approx_15min,Dunearn Road / Eng Neo Ave,BUKIT TIMAH,Moderate,rain,https://www.channelnewsasia.com/singapore/flash-floods-dunearn-road-heavy-rain-may-4-4313206,CNA,Afternoon flash flood along Dunearn Rd
2024-05-14-bishan-braddell,2024-05-14T16:00:00+08:00,2024-05-14T17:30:00+08:00,approx_hour,Bishan Road / Braddell Road underpass,BISHAN,Severe,rain,https://www.straitstimes.com/singapore/heavy-rain-triggers-flash-floods-in-bishan-and-other-parts-of-singapore,The Straits Times,Severe water pooling near Braddell
2024-10-14-tampines-ave-7,2024-10-14T14:45:00+08:00,2024-10-14T16:15:00+08:00,exact,Tampines Ave 7 / Ave 9,TAMPINES,Moderate,rain,https://www.channelnewsasia.com/singapore/flash-floods-tampines-heavy-rain-traffic-diverted-pub-4676576,CNA,Heavy rain causing traffic diversion
2025-01-10-marine-parade-seaview,2025-01-10T18:00:00+08:00,2025-01-10T20:00:00+08:00,approx_hour,Jalan Seaview,MARINE PARADE,Moderate,rain_tide,https://mothership.sg/2025/01/more-rain-january/,Mothership,Heavy rain combined with 2.8m high tide
2025-01-18-choa-chu-kang-way,2025-01-18T16:20:00+08:00,2025-01-18T18:00:00+08:00,approx_hour,Choa Chu Kang Way / CCK Ave 4,CHOA CHU KANG,Moderate,rain,https://mothership.sg/2025/01/flash-floods-singapore-jan-18/,Mothership,Afternoon convective storm in west
2025-09-02-bedok-north-changi,2025-09-02T15:30:00+08:00,2025-09-02T17:15:00+08:00,approx_hour,Bedok North Ave 4 / Changi Rd,BEDOK,Severe,rain,https://www.channelnewsasia.com/singapore/flash-floods-bedok-heavy-rain-september-2025-4891234,CNA,East Coast drainage surge
2026-04-12-clementi-commonwealth,2026-04-12T14:50:00+08:00,2026-04-12T16:20:00+08:00,approx_15min,Commonwealth Ave West / Clementi Ave 6,CLEMENTI,Moderate,rain,https://t.me/pubfloodalerts/1204,PUB Telegram,PUB flash flood alert broadcast
